{
    "ARAdmin": {},
    "ARGfoto": {},
    "ARSDadmin": false,
    "ARSDstaff": false,
    "ARSadmin": false,
    "ARSstaff": false,
    "ARStaff": {},
    "ARautojoin": true,
    "ARautoread": false,
    "ARautoscan": false,
    "ARblacklist": {},
    "ARdblacklist": false,
    "ARfoto": {},
    "ARvideo":{},
    "ARgreet": {},
    "ARlimit": 1,
    "ARmessage": "Hello",
    "ARmessage1": "http://line.me/ti/p/~mo-banzu",
    "ARprotcancel": {},
    "ARprotinvite": {},
    "ARprotkick": {},
    "ARprotqr": {},
    "ARreadMember": {},
    "ARreadPoint": {},
    "ARwblacklist": false,
    "Addimage": false,
    "Images": {},
    "Img": {},
    "autoAdd": false,
    "autoJoin": false,
    "autoJoinTicket": false,
    "autoLeave": true,
    "autoRead": false,
    "autoReject": false,
    "changeGroupPicture": false,
    "changePicture": false,
    "changeVideo": false,
    "keyCommand": "",
    "restartBot": {},
    "restartPoint": "u20452d2a7b27a3536e1172e4c8d0a8b4",
    "server": {},
    "userAgent": {},
    "myProfile": {
        "coverId": "",
        "displayName": "",
        "pictureStatus": "",
        "statusMessage": ""
    }
}
