{
    "Mentiongift": false,
    "Mentionkick": false,
    "Respontag": "Yes,me!",
    "Talkblacklist": {},
    "Talkdblacklist": false,
    "Talkwblacklist": false,
    "addadmin": false,
    "addbots": false,
    "addstaff": false,
    "admin": {},
    "autoAdd": true,
    "autoJoin": true,
    "autoLeave": false,
    "autoLeave1": false,
    "blacklist": {},
    "bots": {},
    "comment": "DONE❗",
    "contact": false,
    "dblacklist": false,
    "delladmin": false,
    "dellbots": false,
    "dellstaff": false,
    "detectMention": true,
    "leave": "Bye, see you next time ",
    "limit": 1,
    "mention": "Hi ",
    "message": "Thanks for add ",
    "owner": {},
    "selfbot": true,
    "staff": {},
    "sticker": false,
    "talkban": true,
    "unsend": true,
    "wblacklist": false,
    "welcome": "Welcome ",
    "welcomeOn": false
}
